ds,spark_executor_cores,spark_driver_memory,spark_default_parallelism,spark_memory_fraction,spark_memory_storageFraction,spark_storage_replication_proactive,spark_broadcast_compress,spark_io_compression_codec,spark_rdd_compress,spark_reducer_maxSizeInFlight,spark_shuffle_spill_compress,spark_speculation,spark_broadcast_blockSize,spark_shuffle_compress,spark_executor_memory,spark_shuffle_file_buffer,spark_storage_memoryMapThreshold,spark_locality_wait,spark_task_maxFailures,spark_shuffle_sort_bypassMergeThreshold,spark_kryoserializer_buffer,spark_memory_offHeap_size,spark_scheduler_revive_interval,jvm_gc_collect,jvm_gc_timeratio,jvm_max_gc_pause,jvm_max_tenuringThreshold,jvm_new_ratio,jvm_par_gc_thread,jvm_survivor_ratio,Executor_Deserialize_Time,Executor_Deserialize_CPU_Time,Executor_Run_Time,Executor_CPU_Time,Result_Size,JVM_GC_Time,Result_Serialization_Time,Memory_Bytes_Spilled,Disk_Bytes_Spilled,Local_Blocks_Fetched,Fetch_Wait_Time,Remote_Bytes_Read,Local_Bytes_Read,Total_Records_Read,migrations,context-switches,cache-misses,cache-references,branch-misses,branch-load-misses,major-faults,minor-faults,page-faults,cycles,raw_syscalls_sys_enter,raw_syscalls_sys_exit,instructions,L1-dcache-load-misses,L1-dcache-loads,L1-dcache-stores,LLC-load-misses,LLC-store-misses,LLC-stores,node-load-misses,node-store-misses,mem-loads,mem-stores,branch-loads,run_times
1120000,3,1,32,0.75,0.5,0,1,2,0,48,1,0,4,1,1,32,2,3,4,200,64,10,1,1,99,200,3,2,3,8,138.503,5523933.233,155.289,21566550.82,3906.854,3.354,0.052,0,0,41.618,2.391,8439.586,6647.371,179.04,26869.333,302487.333,1257225549,8590893132,1038868839,1023531753,69,359995,360152,1.59879E+11,2180420,2180579.333,1.57885E+11,3763689698,48234242079,18827711849,117606981.3,133690269.7,373701582.3,61.667,64.667,3012.667,19295585318,29891138565,80.219
1120000,1,1,8,0.3,0.3,0,0,0,0,2,0,0,2,0,1,2,2,2,3,100,2,10,1,0,19,100,1,1,1,1,431.021,18498185.29,225.56,33077507.15,3967.828,3.742,0.121,0,0,12.152,5.193,13187.977,2311.383,179.04,29200,393160,1379756038,9372676831,1108636302,1124610763,313.667,345587,346000,1.78996E+11,2302995.333,2303151.667,1.67777E+11,4053289127,51667752101,20694134898,130245691,151612475,412855163.3,712.333,344,1956.333,20143382421,33053473919,103.902
1120000,8,6,128,0.9,0.9,1,1,2,1,128,1,1,128,1,6,128,200,10,10,1000,128,1024,50,3,99,500,15,9,8,9,23.375,4027082.504,160.893,23792102.56,3906.244,5.924,0.04,0,0,57.88,7.436,5459.524,9627.099,179.04,12598.333,209855.333,1124542137,8276109390,1066010276,1068625760,140.333,678400.333,678613,1.60296E+11,1848286.667,1848453.667,1.62033E+11,3449599189,50007442795,20100861674,107168995.3,159117149,399302324.3,5947.667,2759.333,13051,19914214647,31548503092,62.691
1120000,4,4,68,0.6,0.6,1,1,1,1,65,1,1,65,1,4,65,101,6,6,550,65,517,26,2,59,300,8,5,4,5,16.44,3931893.314,117.419,20396992.31,3927.081,20.449,0.037,0,0,65.782,2.188,4252.96,9879.66,178.99,13254.667,163529.667,1180967685,7740089298,988750935.7,992722418,39,346967.333,347085.333,1.5914E+11,1835550,1835711.333,1.6632E+11,3728221924,51067101126,19609127512,115915172.7,121199484.3,337534192,33.667,260.333,1301.667,18790460368,33225549679,68.35
1120000,4,4,124,0.4,0.41,1,1,0,1,84,0,1,37,1,2,123,146,4,5,548,14,394,4,3,33,298,14,5,4,8,25.204,4195547.922,144.031,24823127.54,3911.265,5.06,0.056,0,0,42.986,8.456,9153.789,8064.632,179.04,18758.667,188617,1318241495,8473793534,1089274145,1067713900,43,350331.667,350442.667,1.73666E+11,1933981.667,1934145.333,1.69474E+11,3510001752,52034222877,20416677123,134997284,135355682.3,370378242.7,70.667,88.667,2567,20318513411,31681285409,65.664
1120000,6,2,77,0.59,0.79,0,0,1,1,94,1,1,111,0,5,15,6,9,6,659,34,924,46,2,46,321,7,8,4,4,9.777,3517087.68,115.352,17219000.7,3925.448,13.826,0.044,0,0,83.289,0.171,1264.428,14234.932,179.04,13314.667,158761.333,1111101362,7695339514,983297574.3,980745231.7,37,347184.667,347295.333,1.51E+11,1821676.333,1821838.333,1.60696E+11,3409269887,48422206976,19102049179,111047760,125431386,354663233.3,9.333,3,883,18580538664,30819136102,62.766
1120000,4,6,113,0.64,0.39,1,1,1,1,27,1,1,103,0,2,58,36,3,9,458,52,910,27,2,35,357,2,3,4,4,14.016,3508012.759,145.214,18687168.75,3924.04,8.981,0.046,0,0,43.866,5.798,7972.177,7522.881,178.99,15753,162733.667,1306921122,8004709265,1018131777,1028212201,37,396476.667,396599.333,1.69711E+11,1836224.333,1836387.333,1.77868E+11,4069637917,53442385783,20398302439,136453643.3,155895559.3,382066531,243.667,48,1530.667,19763983986,35546666705,64.392
1120000,5,2,81,0.54,0.47,1,0,2,0,51,1,0,28,0,2,96,33,5,3,822,37,798,11,3,87,285,1,2,2,2,49.141,3792362.789,105.745,18743323.34,3898.105,2.645,0.036,0,0,45.728,7.724,7675.416,7823.944,179.04,12440.333,164616.333,1099983489,8290262048,1041947054,1049594582,39,478144,478270.333,1.53153E+11,1860063.333,1860223.333,1.66293E+11,3443025893,51400654468,19950089859,103552073,123718968.7,359589086.7,1508.667,651.667,11764.667,19863677947,31497647030,58.228
1120000,3,3,22,0.56,0.38,0,0,0,1,17,0,1,95,0,5,127,70,8,5,432,25,855,41,2,37,480,7,6,5,3,31.109,3513012.264,103.412,17319825.38,3917.463,12.803,0.038,0,0,30.304,9.254,10320.98,5178.38,179.04,11934.333,164804,1164510037,7647856703,984014046.3,987998147.7,39,339604.333,339702.667,1.45835E+11,1841358.333,1841522.333,1.59521E+11,3303279448,47653706118,18972838075,101755537.7,117072518.7,334210223,9.333,13,896,18926716134,30792630430,63.369
1120000,6,4,123,0.65,0.69,1,1,1,0,127,0,0,70,0,1,4,140,5,5,224,72,142,3,1,94,459,6,6,2,7,59.881,4169572.877,115.143,17694233.95,3908.77,6.726,0.034,0,0,82.319,0.406,1662.256,13837.104,179.04,14847,186937.667,1122157507,7972614400,1004346576,1006280601,38,388139,388247.667,1.47378E+11,1891563.333,1891720.667,1.50822E+11,3748402754,48140017419,19077032383,96728951.67,115261821.3,339366512,277.667,159.333,2140.667,18223533449,30669141501,59.384
1120000,7,5,26,0.74,0.63,1,0,1,1,119,0,0,93,0,3,5,185,5,10,168,64,950,22,0,54,110,3,2,5,4,68.581,3624014.01,126.567,14180644.59,3922.83,8.973,0.035,0,0,46.536,12.456,7560.904,7938.456,179.04,11565.333,158223.667,1087998111,7676960571,990666860,988777377.7,39.333,325032.667,325132,1.44019E+11,1818449.667,1818605.667,1.50622E+11,3590621743,46678512125,18627919229,95240536,112280236,342999201.3,9.667,3,1556.667,18359094275,29866329803,58.009
1120000,3,1,29,0.42,0.58,0,1,1,0,101,0,1,124,1,3,82,39,10,4,760,26,218,24,2,92,148,14,8,5,7,23.989,3785630.098,125.825,23205536.69,3933.947,24.861,0.07,0,0,40.754,3.369,8094.133,6030.667,178.891,17791,166791.333,1246469297,7767043646,1023994150,1019769444,39,351449,351582.667,1.68941E+11,1846215,1846381.333,1.68349E+11,3810247967,51336086649,19508740519,135103719.3,151186530.7,377593905.3,35.333,51.667,866,19055854545,33575765193,66.164
1120000,8,5,118,0.82,0.48,0,1,1,0,53,0,0,61,0,4,23,97,4,4,975,54,1020,43,1,77,368,11,1,7,9,74.864,3856456.925,139.874,19102381.74,3895.656,4.06,0.027,0,0,69.985,5.264,3748.962,11750.398,179.04,11261.333,154155.667,990754764.3,7447924124,957267333.7,960847798.7,38,386780.333,386875.333,1.44003E+11,1807826.667,1807989,1.51007E+11,3368269040,45932513255,18156300532,91652512.67,122112506,356026824.7,300.333,339,3747.333,18101588920,29352728735,57.39
1120000,5,5,54,0.51,0.78,0,1,2,1,112,1,0,80,1,2,117,130,2,8,866,91,970,44,3,44,417,5,3,7,3,50.006,4291035.141,104.489,21360021.31,3903.435,3.857,0.035,0,0,81.959,0.067,1696.656,13389.662,179.04,11455.667,156366.333,1093548236,7919326904,1005989745,1008693699,41.333,570029.333,570129.667,1.54327E+11,1832480.333,1832646,1.58977E+11,3259506145,48562534873,19379050088,105575286,128812166.3,354813173.3,3673,1842.333,14131,19270269532,29961255092,62.845
1120000,2,5,126,0.8,0.52,0,0,1,1,74,1,0,3,1,6,20,66,4,9,799,16,291,17,0,23,450,8,9,4,4,21.19,3606682.953,87.958,17160003.43,3924.391,14.063,0.035,0,0,30.256,4.494,9398.994,4737.42,179.04,9801.333,163265.333,1069499124,7663172770,982428462.3,984959189.7,39,280998.333,281108.333,1.38492E+11,1834119,1834274.333,1.50666E+11,3262182813,46619124588,18586685597,90478764.67,97792841.33,320576600.7,0,0,853.333,18304861685,29462626362,66.156
1120000,4,4,74,0.52,0.37,1,0,1,0,45,1,1,55,0,1,73,58,6,3,353,118,362,29,3,61,352,10,7,7,3,23.283,3526332.009,107.989,19158691.23,3911.562,4.646,0.044,0,0,43.746,7.65,8117.401,7373.362,178.941,15875.667,161711.333,1143952657,8145154723,1042381138,1042627064,37.333,576859.667,576985,1.56299E+11,1850983.667,1851151.667,1.61981E+11,3362117181,49726125357,19647422592,108616793.3,144056852,389622526.7,6192,3444,13380.667,19677996528,30689165286,61.075
1120000,7,3,47,0.57,0.3,1,1,0,0,5,0,0,105,0,4,54,10,4,8,768,47,103,49,1,95,407,11,6,2,7,66.854,4111622.408,124.361,18636223.11,3900.998,7.559,0.035,0,0,82.123,0.235,1737.442,13761.918,179.04,11316,151976.333,989532734.7,7397950191,952960523.3,953248376,40,380686,380784.333,1.41685E+11,1801611.333,1801768.333,1.48861E+11,3370927189,45996192953,18173164566,90343304.33,116843057,341542896.3,214.333,101.333,1837.667,17907441697,29317615382,60.025
1120000,5,2,93,0.7,0.82,1,0,2,0,85,1,1,89,1,2,87,180,6,7,317,126,530,9,0,69,267,2,3,5,5,18.534,3796010.033,105.189,19586739.88,3918.143,12.443,0.035,0,0,80.271,0.052,2062.505,13011.272,178.891,13712,167504.667,1180533313,7890240252,1000624248,998958694.3,37,319143.333,319241.667,1.48479E+11,1843710.667,1843865.667,1.54719E+11,3607548827,48200913283,19013356923,108660454,134788795.7,352148810.3,71,3,1263.333,18499048170,30835150770,62.651
1120000,8,4,119,0.33,0.83,0,0,0,0,40,1,1,117,0,1,41,25,5,8,742,111,133,19,2,58,159,8,9,6,9,14.413,3351045.841,135.957,18452385.83,3924.042,17.955,0.048,0,0,83.391,0.212,1224.771,14257.389,178.841,14374,163680,1214397679,7926749593,978050024.7,976790845.3,39,351894,352001.667,1.59718E+11,1834413.333,1834578.667,1.62637E+11,3792220612,49930053978,19149855027,115286929,125098546.3,345033235.3,127.667,16,1619.667,18874093319,31844741722,60.025
1120000,6,2,83,0.72,0.89,0,0,2,0,90,0,0,23,1,2,50,172,8,6,116,60,278,47,2,70,490,3,2,5,5,59,3849304.403,117.528,14940101.65,3942.509,6.712,0.038,0,0,58.491,6.346,5414.241,9672.615,179.04,11853.667,157968,1042980733,7375027362,971363553,965661708.3,37,291792.667,291891.667,1.48476E+11,1817118.333,1817283.333,1.53868E+11,3378656937,47359920999,18846719461,97389123.33,116974725.7,339282424,0,6,1057.333,18140738550,31022475976,58.041
1120000,7,3,8,0.76,0.4,0,1,1,0,24,1,1,64,0,5,69,200,6,9,295,42,694,13,0,55,389,6,3,8,7,35.189,3785894.784,146.217,19002999.94,3908.082,17.678,0.035,0,0,64.624,7.022,4534.392,10947.775,178.841,12710.333,162490.667,1046005921,7582890522,962880663,979415969.7,39.333,304819.333,304906,1.42566E+11,1827245.333,1827401.667,1.48533E+11,3368618725,46562147272,18691276664,100971726.7,117261586.3,330419705.7,53.333,9.333,1401,17940711614,29665375713,59.405
1120000,6,4,55,0.69,0.61,0,1,0,0,80,0,0,7,1,2,79,189,7,8,192,107,692,35,1,25,435,2,8,3,2,57.323,3665588.493,121.352,16106872.03,3930.541,8.35,0.034,0,0,47.781,10.094,8009.321,9210.675,179.04,11844.667,157223,1047732756,7611389690,1003580326,1003378879,40,294027.333,294132.667,1.51129E+11,1815430.333,1815589,1.55149E+11,3728775673,48194400561,18965359826,95740627.33,110264892.3,331274039,16,3,733,18294447714,31295105116,57.317
1120000,3,5,14,0.87,0.35,1,1,1,0,14,0,0,78,1,3,60,89,2,5,848,11,740,31,1,76,460,7,3,2,6,129.672,5500214.282,100.181,24124723.06,3905.036,5.756,0.052,0,0,43.403,2.782,7505.935,6630.258,179.04,14363.333,159331.667,1087863318,7556754313,979160552.7,980196221,38,427277.667,427377.667,1.54558E+11,1818142,1818302,1.49656E+11,3723942220,46946248280,18796726525,105530438.7,120535987.7,342896582,1280.667,863.667,4119.667,18058249936,30441581855,65.029
1120000,7,1,60,0.45,0.63,1,0,1,1,71,1,0,76,1,4,107,109,6,5,589,81,521,48,1,22,384,8,5,8,8,67.976,4062620.056,138.574,24727216.29,3911.606,15.043,0.051,0,0,68.523,3.507,3699.525,10436.545,179.04,12013.667,155344.333,1039172042,7261348736,956460519.3,962893422.3,42,360592.333,360689.667,1.57247E+11,1808029.333,1808192.667,1.50814E+11,3309743680,46117009852,18332088128,103555674.7,119789926.3,337906088,19.333,3,1652.667,18193510405,28954053436,58.758
1120000,2,1,38,0.74,0.74,1,1,0,0,41,0,1,121,0,1,12,84,6,6,335,125,348,1,0,52,317,6,4,6,1,20.171,4157344.851,110.628,21128757.93,3929.012,9.833,0.075,0,0,22.584,3.391,11632.839,3866.521,179.04,27722.333,264549.333,1353379571,8556835191,1059597721,1052755868,39,321740.333,321870,1.71275E+11,2077523.667,2077681.333,1.61143E+11,3764948634,48988302282,19972328617,139312139.7,144252305,388104430.7,0,6.333,608,19572236886,31438921155,61.956
1120000,4,5,66,0.49,0.77,1,0,1,0,37,0,0,13,0,5,22,123,6,4,518,18,646,7,2,42,118,13,4,7,6,39.87,4225500.195,88.131,16423428.17,3920.486,6.046,0.031,0,0,80.757,0.223,1982.874,13516.486,179.04,13425.667,173748,1098801988,7826689176,988653475,996954770,37,293169.333,293262.333,1.48756E+11,1859505.333,1859672,1.58326E+11,3529133799,48523820561,19121451875,104648224.7,116981262,331469973,18.667,6,975.333,18582978322,31266149373,62.026
1120000,3,6,89,0.31,0.57,0,1,1,1,95,1,0,63,0,2,67,27,7,8,924,93,757,30,3,61,334,13,8,8,2,139.839,5692256.646,107.075,20890593.09,3908.496,3.07,0.045,0,0,43.765,2.077,8085.234,7414.126,179.04,14604.333,161651.667,1099172432,7902290928,1008200813,1007687022,41,634446.667,634561.667,1.52112E+11,1851247.667,1851416.333,1.57872E+11,3234480182,48840441443,19742755741,109969045,131193609.7,365912235.3,259,220,13348,19059117267,30018684379,66.373
1120000,7,1,42,0.62,0.84,0,0,1,0,107,0,0,34,1,4,29,8,3,4,719,109,730,13,0,89,240,3,3,7,3,68.461,4257696.708,147.674,24061341.36,3925.673,29.138,0.053,0,0,77.269,0.113,2783.079,11353.303,179.04,13785.667,160273.333,1076300926,7661261629,972862653.7,965102127,39.333,287024,287129,1.5062E+11,1819723.667,1819879,1.52353E+11,3505542322,47434292912,18523406183,97091906.33,105527665.3,331521332,24.667,6.333,1256.667,18157041545,29895576362,59.845
1120000,8,6,67,0.39,0.33,1,0,0,1,104,1,1,86,1,5,114,20,7,8,372,49,415,33,2,66,171,10,2,1,1,31.292,3605756.484,220.966,24332825.21,3933.495,94.447,0.075,0,0,45.413,19.264,8420.813,8795.159,178.99,13526.667,160468,1169324634,7802469430,997157895,989466409.3,39,353230,353334.667,1.52579E+11,1824480.667,1824639.667,1.66477E+11,3539905841,51160974270,19669159958,108258769.7,133469656.7,368076328.7,0,3,1137.667,19263177374,32323112739,61.846
1120000,2,3,34,0.35,0.46,0,1,1,0,57,1,0,56,1,1,119,132,9,7,604,21,896,18,1,51,257,3,2,2,7,366.859,10089711.08,136.604,34015010.24,3923.324,7.824,0.085,0,0,22.261,4.021,10640.687,3495.801,179.04,16580.333,164718,1158654316,7907671479,1012604024,1016612137,44,392233.667,392344,1.72594E+11,1833415,1833573.333,1.61335E+11,3892669458,49148395545,18868465664,121689461.3,136140803.3,354629009.3,320.333,232.667,3673,18905483528,30461112674,80.933
5600000,3,1,32,0.75,0.5,0,1,2,0,48,1,0,4,1,1,32,2,3,4,200,64,10,1,1,99,200,3,2,3,8,136.057,5359652.368,469.763,44647592.8,3916.584,6.227,0.046,0,0,63.494,5.014,41667.262,21503.935,895.363,20695.333,349388.667,1232843582,8981263879,1022493435,1029192548,67.333,372131,372289,1.55162E+11,2299088.333,2299248.333,1.55473E+11,3831048260,49520477521,19343619458,114019313.7,116457657.3,356886197.7,1003.333,499.333,2435.667,19077660829,30155152088,101.613
5600000,1,1,8,0.3,0.3,0,0,0,0,2,0,0,2,0,1,2,2,2,3,100,2,10,1,0,19,100,1,1,1,1,459.211,17251851.98,585.467,54982688.2,3986.21,6.234,0.115,0,0,8.782,40.216,73347.541,4229.872,895.363,27717,386580,1427351688,9463269550,1130367576,1127736295,95.667,352479.667,352691.667,1.81354E+11,2387389,2387545.333,1.63974E+11,4238844871,49892583880,20394589066,141550201,141450496.7,395839394.3,38.667,46.333,1702.667,20427688342,33232598823,117.97
5600000,4,4,68,0.6,0.6,1,1,1,1,65,1,1,65,1,4,65,101,6,6,550,65,517,26,2,59,300,8,5,4,5,24.339,3592113.871,359.276,45256111.18,3933.106,47.46,0.041,0,0,65.184,10.892,36953.76,25718.551,895.363,12450,220752.667,1209789093,7990519919,1000379379,1004743461,138.667,341577,341812.333,1.52694E+11,1854663.333,1854823.333,1.64147E+11,3368749321,50407794784,19697749343,116069140,130942092,350486998.7,121.333,121,915.333,18976699431,32007220370,92.513
5600000,5,4,128,0.69,0.35,0,0,1,1,72,0,1,66,0,6,48,19,9,7,795,19,551,14,2,20,311,7,3,7,5,17.745,3581555.954,416.24,41908958.66,3925.622,23.999,0.034,0,0,90.48,9.688,34118.295,43437.587,895.115,13704.333,175274,1253466263,8032248388,1019318320,1013641459,44,337027.333,337176.333,1.59289E+11,1868788,1868954.333,1.72301E+11,3685917311,50585246920,19113330460,128287381.3,126818706,337671276,526.667,68.333,1538,19477897054,32655934062,88.124
5600000,7,3,99,0.8,0.76,1,0,1,1,30,1,0,119,0,6,104,28,8,6,300,126,985,26,3,95,144,6,2,2,4,186.747,4070787.074,573.464,50655425.73,3872.921,8.755,0.032,0,0,83.51,20.183,35002.92,41658.858,884.796,9513.667,331663,997016339.3,9885303731,1098856555,1107545925,5123.333,587514.667,592704,1.669E+11,2149948,2150104.333,1.86485E+11,3760959968,55644976365,22895910871,81501667.33,125019667.3,427102342.7,5891.667,3292.667,13471.333,22787106578,35515317975,139.057
5600000,3,2,104,0.57,0.54,0,1,1,0,85,0,1,26,1,1,96,85,7,7,550,5,527,43,2,48,106,10,3,3,6,97.334,5310263.868,502.595,52251719.74,3938.584,40.66,0.069,0,0,53.708,7.431,44982.992,17689.481,895.363,14041.667,167085.333,1126575590,7661449770,1003967282,1007518975,42,311619.333,311725.667,1.54167E+11,1846964,1847126,1.59425E+11,3605591445,48978449688,19243916900,101204285,117331764,348604199.3,6,0,984.333,18510118970,32258367349,99.293
5600000,5,3,61,0.37,0.55,0,1,1,0,68,1,1,108,1,5,44,88,6,4,667,78,41,36,0,43,242,5,4,7,5,17.535,3522898.552,469.565,46762691.74,3926.999,49.971,0.049,0,0,71.818,14.048,34097.109,28574.884,895.363,11578.667,164075.667,1119783027,7634330524,974552407.7,980674989,44,316211,316325.333,1.4061E+11,1837642.667,1837797.667,1.50835E+11,3173519241,47308735944,18739055423,103159247.7,113259430.3,324396551,81,14.667,1197,18021578415,28963594616,90.59
5600000,5,5,48,0.88,0.42,0,0,1,1,79,0,1,69,0,3,42,190,5,8,609,54,876,22,3,62,402,14,1,4,3,49.904,3755167.224,395.057,42405341.53,3900.711,3.929,0.031,0,0,57.221,26.012,50087.064,27490.349,895.363,10936.333,168428,1067484871,8336246584,1051776289,1054582914,66.667,462539.667,462700,1.4843E+11,1858925.667,1859086.333,1.65288E+11,3337350854,51419041600,20355402204,98504120,127195642.3,368420795,98.333,119.667,10731,19836870123,31008265704,84.919
5600000,1,3,44,0.34,0.3,0,1,1,0,20,1,1,57,0,3,26,180,4,3,505,29,452,6,0,67,261,11,2,3,5,21.504,4125539.179,191.037,37164372.42,3907.771,5.003,0.036,0,0,64.668,1.209,48903.401,28674.012,895.363,13854.667,194847,1198252485,7845744543,999604585.3,1002005241,47.667,315518,315630.333,1.4077E+11,1915073,1915230,1.50492E+11,3117665797,44507650092,18344813680,97556056,121400259.7,335721074.3,3,0,1807.333,18465850355,28882109843,108.803
5600000,7,3,33,0.46,0.86,1,1,1,1,120,0,0,13,1,2,54,193,2,3,336,89,665,46,3,65,354,11,3,8,5,67.667,4040533.76,602.866,54521199.8,3922.786,24.837,0.038,0,0,72.819,16.469,33999.941,28672.296,895.363,11786.333,161028.667,1091362692,7745851560,1003211203,1008944114,44,503307.333,503411.333,1.58668E+11,1841004,1841170,1.58691E+11,3246073453,48523004684,19595978216,109625021,121281465,363720835.7,4972,2825.333,12563,19481779979,30519828379,87.303
5600000,4,4,38,0.39,0.84,1,0,0,1,102,1,0,40,1,2,81,56,7,9,426,66,949,18,0,74,421,3,8,2,4,181.259,5195379.044,673.923,50505061.02,3941.418,65.549,0.07,0,0,66.718,8.529,40731.475,27474.911,895.363,15814,168578,1194804206,7659730153,1009924985,1012617420,44,316645,316763.333,1.49635E+11,1848458.667,1848615,1.52368E+11,3469698798,47467477831,18909685447,115728767.3,121281494.7,341284085,6.333,0,723.667,18623086790,30271192170,96.814
5600000,2,2,36,0.31,0.31,0,0,1,0,23,1,0,100,1,3,67,50,5,3,361,34,298,45,0,50,271,5,7,1,3,98.021,5412415.001,357.848,46435804.15,3937.699,42.649,0.041,0,0,40.987,9.329,49417.525,13255.604,895.363,12914,163168,1146666972,7707444216,986920546.7,991494453.7,47.667,319868.667,319978.333,1.45025E+11,1833101,1833257,1.52383E+11,3233670667,46736886879,18957462568,108369554,125283053.7,349522556.7,34.667,6,722.667,18255706134,29811368136,95.322
5600000,2,4,82,0.42,0.89,1,0,1,1,56,0,1,92,0,2,61,101,6,10,158,36,244,14,3,70,211,9,6,4,7,16.379,4529822.388,436.606,40663193.05,3928.543,2.897,0.06,0,0,46.322,2.482,54379.35,23198.063,895.363,15253,226341.333,1225766008,8611150740,1084401505,1084299736,144.667,578842,579078,1.60403E+11,1879047.667,1879210.667,1.64295E+11,3379684219,50474700387,20482022929,114878659,147633664.3,382852909,4298,3023,12789.667,20194323653,31696521034,99.828
5600000,3,5,90,0.5,0.62,0,0,1,1,107,0,0,74,1,3,21,62,7,8,720,96,1012,5,1,85,498,2,4,8,2,127.917,5568098.698,487.048,49998590.04,3916.424,9.985,0.049,0,0,61.634,6.477,44074.911,18597.417,895.363,12417,197295,1133418033,8237293979,1029971372,1025745628,50.667,402378.667,402492,1.49378E+11,1918665.667,1918830.333,1.54094E+11,3764872959,48894470363,19511752824,92700568.67,107075694,335292277.3,817,208.333,2157.333,17931421806,31247234406,98.323
5600000,1,5,112,0.64,0.43,1,0,1,0,80,0,0,49,0,4,61,177,4,4,805,58,982,1,0,41,448,8,2,5,2,12.071,3632926.968,142.264,33710997.01,3907.404,7.007,0.028,0,0,53.279,5.93,51591.773,25985.64,895.363,15071.333,352527.333,1291882575,8948770457,1063496582,1064935790,49,295810,295938,1.42666E+11,2305533,2305688,1.50036E+11,3272927546,45699173809,18347998864,103395879.3,100558182.7,327159472.3,120,79.667,978.667,17887670166,29277880396,104.859
5600000,8,5,95,0.33,0.5,1,0,1,0,94,1,0,19,1,1,53,119,4,4,115,106,157,13,0,24,441,12,1,4,3,76.961,3667490.239,625.863,38364478.73,3940.963,22.159,0.041,0,0,111.829,14.062,23011.252,39659.893,895.363,9482.333,168813.333,1076485393,7969351924,982933183,978165444.7,42,330906,331015.667,1.42548E+11,1844988,1845143,1.5364E+11,3661286753,47254535114,18691866559,87914694.33,104064825.7,322133740.3,196.667,28.333,2027.333,18730285733,30109866748,84.491
5600000,8,3,32,0.76,0.4,1,1,2,0,55,0,1,56,0,6,4,132,8,6,880,81,924,33,1,64,387,4,4,5,4,78.452,3693197.353,593.412,42947830.38,3904.674,10.971,0.034,0,0,54.084,47.962,51128.733,26448.68,895.363,11104.333,163744,1075046556,7736117113,986710065.3,997893326,45.667,356671.333,356783.667,1.44555E+11,1834590.667,1834750.667,1.5299E+11,3573776698,47129459496,18756638386,89241624,116934623,335543314.3,131.667,95,1358.333,18399749286,30364528802,78.846
5600000,8,2,69,0.48,0.57,1,1,1,0,91,0,0,47,1,4,58,69,8,4,892,27,880,41,1,28,350,11,6,2,3,75.96,4036920.032,744.676,55923465.61,3924.561,53.117,0.037,0,0,87.801,13.572,29690.671,32980.778,895.363,12229,159909.333,1053786425,7286375535,977295315.7,973318132,44,328053,328153.333,1.45299E+11,1821607,1821763.667,1.48161E+11,3247449371,45951588733,18537223299,98340138.67,110308822.3,331268488.3,37.333,6,1137,17898436326,29659509568,88.764
5600000,5,2,11,0.89,0.88,0,0,2,1,10,1,0,38,0,1,127,71,10,10,1000,62,197,24,1,58,171,4,8,7,8,50.305,3409035.904,424.089,41203082.46,3923.785,24.607,0.035,0,0,60.242,22.706,47918.559,29658.854,895.363,11297,164729.333,1049206180,7735657937,985144175.3,988019737.3,44,326417,326540.667,1.46978E+11,1836765,1836926.667,1.54131E+11,3507294537,47343038421,18582603061,87588984,103791945,325183125.3,223,32.333,1970,18295622893,30165122116,83.601
5600000,6,1,19,0.44,0.71,0,0,0,1,104,1,0,127,1,5,106,146,3,4,914,92,844,7,3,83,155,12,5,6,7,59.209,3673132.783,491.469,49648464.01,3911.548,12.184,0.029,0,0,67.438,18.041,38642.888,29564.366,895.363,13067,179431.667,1161454659,8325447067,1036787132,1030015373,42,436613,436712.667,1.54715E+11,1898808,1898972.333,1.64482E+11,3300741805,49726619388,19792127779,111481219.3,128859529.7,377441702,645.333,490.667,4004,20272919992,29999569595,80.384
5600000,4,4,41,0.85,0.8,1,0,0,1,34,1,0,7,0,4,33,5,2,6,262,43,404,12,3,78,198,14,9,1,8,39.576,3652405.292,343.814,41847921.27,3905.459,8.788,0.031,0,0,59.288,19.869,48518.691,29058.722,895.363,10570.667,171838,1084277970,8257883518,1052318307,1047534781,42,536923,537035,1.46014E+11,1876240.333,1876397.333,1.64775E+11,3347681681,50281121285,19795354414,97419826,108399354.7,336045621,294.333,223.333,14598,19854384902,30805283532,84.507
5600000,6,5,17,0.41,0.66,0,0,2,0,83,1,0,80,0,3,123,165,4,9,695,124,473,38,2,35,248,2,5,3,7,57.988,3582648.239,519.344,44235664.59,3931.29,49.65,0.039,0,0,72.401,15.438,41899.226,35678.188,895.363,11953,163458.333,1231438863,7801285648,1001734474,995491851,42,343703,343820.667,1.52034E+11,1833299.333,1833459.333,1.6731E+11,3472984815,49703368739,19325737025,116733041.7,125446675.7,347687726.7,275.667,263.333,1972.333,19138316809,32114331785,87.906
5600000,5,4,25,0.84,0.37,1,0,2,0,121,0,1,33,0,4,15,33,8,10,461,83,309,29,1,26,383,14,8,5,8,29.302,3600465.635,372.116,40385693.13,3904.156,10.502,0.037,0,0,104.517,10.417,28575.659,48980.223,895.115,11536.333,164059,1060496556,7601400742,970587997.3,972237416.7,49,312807.333,312925,1.44929E+11,1834824.333,1834983.667,1.54128E+11,3409617513,46965736648,18456666030,95901063.67,102615114,336980440.3,54.333,3,1206.667,17989506622,29319561428,83.026
5600000,2,2,98,0.49,0.64,1,1,0,1,87,0,1,53,0,4,40,6,3,8,184,116,791,24,0,54,474,7,7,2,5,20.63,3479499.794,184.696,31253887.67,3930.096,12.453,0.029,0,0,53.921,12.259,51534.24,26043.173,895.363,9453.333,166346.333,1064203778,7741219261,996229318.3,989144465,42,308975,309082,1.37814E+11,1839031.667,1839186.333,1.5034E+11,3202003972,46355174755,18730325531,92617119.33,108041933.7,323372629.3,86,119,872.667,17628323715,29401964845,86.403
5600000,6,6,92,0.57,0.83,0,1,1,0,108,0,0,111,1,6,88,127,2,8,960,72,737,39,1,36,434,5,7,2,4,57.254,3631410.99,544.603,50075849.53,3920.304,31.489,0.053,0,0,72.176,14.184,34156.964,28515.875,895.363,11344.333,160667,1085035197,7505670330,981543400,974414553.7,46,427149.333,427254.333,1.44435E+11,1824766.333,1824923,1.54255E+11,3054479610,45475886778,18119085816,97763688,114244523.7,348301126.3,6,22,1252.667,18536126781,28595079280,86.851
5600000,7,2,75,0.59,0.33,1,1,0,1,117,1,1,87,1,5,78,35,10,7,681,121,592,32,1,86,288,5,3,6,1,68.335,3707716.849,539.932,45812051.58,3912.558,15.402,0.038,0,0,55.433,31.86,43410.124,24798.146,895.363,10841.667,163231.333,1104437166,7757759434,981367508,986036544.7,44,374572.333,374690,1.50996E+11,1831312.333,1831473,1.53362E+11,3705637324,48172841755,18981156951,93721481.67,112757151.7,339167704,448.333,291.333,2244.667,18307202964,30701061183,80.018
5600000,2,3,124,0.52,0.68,0,1,0,0,49,1,0,103,0,4,19,96,4,5,750,45,366,37,1,23,219,10,7,8,1,19.975,3531422.05,197.71,38322128.01,3902.452,3.559,0.028,0,0,73.027,5.408,41551.476,36025.938,895.363,9568,164287.333,1072116548,7457290211,958144970.7,962440651.7,47,467723.333,467828.333,1.38548E+11,1836057,1836219,1.49314E+11,3052804342,44997274145,18233104097,92691700.67,104886848.7,320462835.3,9,0,747.333,18090389608,28845715141,93.133
5600000,7,1,80,0.51,0.77,0,1,1,0,71,1,0,34,0,3,8,13,9,6,581,67,545,35,2,97,282,15,4,7,2,66.108,3844210.957,564.387,43535429.42,3933.193,37.524,0.042,0,0,92.353,13.635,34388.437,43188.977,895.363,12395.667,164747.667,1116687949,7653222165,998306399.7,988025870,42,304586.667,304701.667,1.48123E+11,1837029.667,1837195.333,1.56915E+11,3368098745,47673043764,19180519997,96133208.33,112768406.7,333866335.7,9.333,9.333,934.333,18552370881,31129672199,83.6
5600000,3,5,45,0.53,0.73,1,0,1,0,28,0,1,73,0,3,87,139,8,5,237,23,689,30,2,38,345,4,8,7,8,74.402,4607515.309,464.833,44537606.26,3934.799,26.698,0.058,0,0,57.154,9.251,50069.591,27486.291,895.115,15239.333,171571.667,1125493744,7764166157,971227579,970016219.7,43.667,351282.333,351395.667,1.53146E+11,1855929,1856097,1.62502E+11,3472883755,49052422242,18955282287,105060145.3,123414312,355519622,38,25.333,931.667,18548447276,31589713182,95.373
5600000,4,4,79,0.61,0.48,1,0,0,0,76,0,1,28,1,5,116,152,4,9,131,101,427,33,1,83,224,2,6,3,7,22.831,3218033.779,342.492,36831720.93,3919.885,5.432,0.029,0,0,68.051,15.839,38751.848,29456.129,895.363,10821,163619.333,1049509983,7560407107,974173930.7,970140646.7,44,356507,356633,1.4192E+11,1833111.333,1833269,1.52202E+11,3367147344,46607313738,18335469583,95057256,111115172.7,333071252.7,262.667,227,1889,18211020842,29351063642,84.651
11200000,3,1,32,0.75,0.5,0,1,2,0,48,1,0,4,1,1,32,2,3,4,200,64,10,1,1,99,200,3,2,3,8,179.869,5748739.157,975.058,74877947.21,3898.005,14.444,0.045,0,0,78.22,17.364,64112.704,52704.313,1771.037,22771.667,421985,1293592431,9614732252,1055750026,1063550062,104,378888.667,379072.333,1.62778E+11,2490492,2490651.667,1.59018E+11,3933863609,49835814125,19246200061,111098615.3,118827747.3,352937869.7,656.667,230.333,2600.667,19555409088,29854086913,137.318
11200000,1,1,8,0.3,0.3,0,0,0,0,2,0,0,2,0,1,2,2,2,3,100,2,10,1,0,19,100,1,1,1,1,471.865,17867892.71,1088.774,80070204.91,3984.723,8.096,0.091,0,0,10.191,56.356,144319.333,10641.71,1788.873,30771,489746.333,1466092306,10603968950,1151940277,1156967053,267.333,350238.667,350611,1.81637E+11,2603083.667,2603240.667,1.70072E+11,4310390169,53392182165,20771965388,134574464.3,144740865,402976442.3,102.333,140.333,1131,20865766780,33130486902,158.453
11200000,4,4,68,0.6,0.6,1,1,1,1,65,1,1,65,1,4,65,101,6,6,550,65,517,26,2,59,300,8,5,4,5,14.601,3257866.928,630.917,69709171.32,3932.702,68.626,0.051,0,0,73.714,8.553,65498.724,53416.592,1788.873,12976.667,173778.333,1287512974,7822238800,1020827226,1010274984,48.667,348298,348412.333,1.532E+11,1873136.667,1873297.333,1.63139E+11,3358250358,49140533050,19639428336,113640656,120536315.7,344750898.3,32.333,62.333,1017,18875184156,32461435697,121.955
11200000,3,1,89,0.71,0.39,1,0,1,0,120,0,1,73,0,5,67,110,3,9,752,96,834,30,0,69,139,13,3,1,3,29.605,3500088.651,551.256,62019106.88,3913.409,34.376,0.032,0,0,56.98,26.423,101185.561,53775.482,1788.873,9898.667,170327,1201813785,7561595450,987551574.7,989728511.7,59,317854.333,317984.333,1.3525E+11,1863476.667,1863631.667,1.4466E+11,3145597345,45205883249,18795403745,90020910,104690004.3,314650283.7,3.333,3,1112.333,17977800494,29381512247,125.706
11200000,3,1,16,0.68,0.52,1,0,1,1,115,0,0,6,1,3,115,71,3,4,124,31,477,38,3,33,291,8,5,5,5,150.967,6329508.337,1031.893,74077275.48,3933.044,5.23,0.064,0,0,59.212,14.798,78179.276,40736.051,1788.873,13770.333,278110,1198842439,8591454276,1085710419,1082194689,421.667,330264.333,330751.667,1.56306E+11,1937656,1937820,1.64361E+11,3358373663,51306379875,20690365353,119034792.3,116669081.3,364396207,397.333,317.667,2611.667,20171663467,31815709790,156.158
11200000,7,5,100,0.86,0.37,0,0,2,0,55,0,0,114,1,5,44,193,9,7,394,69,493,21,2,21,311,15,9,2,6,67.746,3736052.487,1171.404,77501398.92,3934.642,150.169,0.064,0,0,73.681,14.712,65897.47,52095.487,1788.873,12337.333,172709.333,1240847752,7872018254,1031090231,1030034564,55.667,375292.667,375416.667,1.52799E+11,1865954,1866112.667,1.62775E+11,3537534056,49703953146,19662300534,114149870.7,127577871.7,344707541.7,52.333,6.333,577.333,18766460573,32642917514,121.733
11200000,7,3,101,0.38,0.68,0,0,1,0,105,1,0,44,1,2,57,74,7,9,834,3,916,10,1,27,470,13,5,2,5,66.262,3733011.898,1205.232,79778473.68,3927.565,61.321,0.055,0,0,73.459,20.318,66058.941,52857.269,1788.873,12867.333,181613.333,1161405884,7713125062,996934570.7,997666070,62.333,340532,340650.333,1.48107E+11,1885906.333,1886062.667,1.53054E+11,3341106035,46807219630,18596330421,102699231.7,119240793.3,333069774.3,129.667,40.667,1966.667,18344517556,29451721623,123.527
11200000,4,6,46,0.4,0.44,0,1,0,1,106,0,1,48,0,3,82,125,7,5,515,49,563,26,2,95,482,6,7,4,3,257.7,5955997.08,1218.114,73527566.93,3937.762,58.416,0.056,0,0,62.667,37.876,111538.885,43379.149,1788.376,12235.667,178975,1160595212,8183553956,1032508160,1026069558,59.333,379097.333,379228.333,1.55497E+11,1884858,1885020.667,1.70435E+11,3587426036,51541484473,20004422921,106382622.3,121589634,352026464.3,9,6,832.333,19540549618,33260276978,137.114
11200000,5,5,18,0.78,0.85,0,0,2,0,74,1,1,4,1,2,59,78,4,3,847,12,582,49,0,67,442,14,2,6,5,17.418,3246569.741,835.838,68256822.7,3925.559,33.187,0.028,0,0,74.499,13.833,64242.962,53750.433,1788.873,10762.333,165823.333,1072997943,7532938521,961679041.3,953684708,55.667,298429.333,298542.667,1.38089E+11,1848447.667,1848602.667,1.46671E+11,3139853281,45825812691,18183938654,95514038.33,101172053.3,312443481,3,3,1653.333,18054735931,28172464800,120.703
11200000,1,5,69,0.69,0.59,0,0,0,1,30,0,0,113,0,4,124,67,2,6,979,54,103,21,3,52,228,11,3,2,7,11.758,3732036.049,241.491,60781773.54,3898.83,1.758,0.027,0,0,56.285,10.162,102455.59,52505.453,1788.873,8421,175230.333,1084293842,8366428897,1052639278,1061388064,86.333,620057.333,620203,1.45077E+11,1887155,1887314,1.64499E+11,3286010858,50270548427,20283755337,98455588,113459530.3,362803231.3,39,87.333,12335.667,19991558335,31342685190,147.898
11200000,8,4,51,0.8,0.43,1,0,1,0,75,0,1,26,0,2,120,4,10,8,563,30,577,7,3,41,390,4,5,6,3,79.34,3607517.506,1210.12,73086855.27,3918.892,31.773,0.032,0,0,75.557,64.641,86297.272,68816.525,1790.351,11367,195881.667,1151005679,8480397019,1067274289,1059783107,55.667,507315.333,507451.667,1.47263E+11,1945565,1945728.667,1.63938E+11,3258217079,49770265523,19447534930,101019962.3,115320677.7,352213481.7,156.667,80.667,12340.333,20139753810,30443793360,118.28
11200000,3,3,60,0.32,0.89,0,0,1,1,63,0,0,64,1,3,19,158,2,3,438,67,618,34,1,75,488,14,3,4,2,164.925,5900909.704,1002.737,77822765.69,3919.085,13.439,0.048,0,0,50.283,16.009,86098.91,32816.797,1788.873,10723,168773.333,1073593931,7715742208,1010571677,1004018754,56,391346.333,391478.667,1.42883E+11,1857216.333,1857377,1.51062E+11,3445125974,47118908034,19045772039,90125985.33,118789755.3,338564905,289.667,332.333,1712.667,18233747983,30357846412,130.882
11200000,2,2,26,0.33,0.35,1,1,2,0,5,0,0,50,1,1,45,167,3,9,434,50,281,20,1,76,366,6,5,3,4,386.031,10396568.46,1175.864,82158785.49,3943.018,13.324,0.103,0,0,34.942,2.522,93628.134,24364.349,1788.873,15676.333,174908,1193001594,7758593897,1025957108,1027282302,59.333,373810.667,373956.667,1.60173E+11,1868090.667,1868250.667,1.53389E+11,3444248839,47570628387,19175328663,119290953.3,130982147,357021485,645.667,344,1517,18567018900,30485434234,132.379
11200000,2,6,9,0.82,0.81,1,1,0,1,77,0,1,81,0,3,46,51,5,10,756,91,226,32,2,22,209,11,2,6,3,106.591,5813974.775,633.145,67236636.42,3927.358,14.891,0.038,0,0,57.196,14.509,114998.186,39962.858,1788.873,11302,176077.333,1148130632,7647481108,993111373.7,993322519,53.667,334595,334723.667,1.43106E+11,1879229.667,1879396.667,1.54919E+11,3385742382,47565526759,19069848301,93116141,112074718,345465628.3,77.667,6,1347,18391087451,30729816303,138.999
11200000,7,3,116,0.65,0.74,1,1,1,1,17,0,0,93,1,6,64,196,3,4,344,45,759,8,1,28,373,3,3,2,5,66.866,3674497.805,1227.769,80317739.21,3913.236,36.538,0.042,0,0,73.89,21.489,65972.08,52943.905,1788.873,12861,187699.667,1172527600,7733160674,1004753817,1004573941,55.667,385884.667,385999.333,1.45672E+11,1904712,1904868.667,1.47767E+11,3491296553,47562022855,18923215932,106228814.3,115673379,334064659,16,37.667,2056.333,17877426800,30541103259,121.714
11200000,3,3,72,0.73,0.45,1,0,1,1,3,0,1,7,0,5,30,65,9,3,357,102,879,17,1,46,284,2,6,6,9,29.902,3347366.598,509.408,63422238.61,3903.663,7.902,0.031,0,0,56.89,29.19,101634.426,53326.618,1788.873,9997.333,174579.667,1047638339,7674798877,995526672.7,996163784.7,63.667,331297.333,331423.333,1.38155E+11,1872158.667,1872319.667,1.48202E+11,3147334117,45808350336,18541616083,88887104.67,99188259,305421019,3,12.333,1056.667,17987109792,29057893652,117.21
11200000,2,4,31,0.35,0.3,0,0,2,1,90,0,0,123,0,3,105,86,10,10,318,5,137,11,2,82,449,2,2,6,5,112.802,5698809.49,693.768,70546547.13,3932.466,14.311,0.044,0,0,38.478,21.227,121943.188,33017.856,1788.873,13858.667,186949.333,1218776232,7958661912,1002611221,999240318.7,54.333,346855.667,346982,1.51004E+11,1906092,1906259,1.61551E+11,3612423578,48488637840,19288765895,104027296.3,127957508.3,334155466.3,22.333,6,1506.333,18752377899,31759766556,130.048
11200000,2,4,73,0.85,0.6,0,1,2,0,33,1,0,90,1,5,90,37,3,7,450,48,337,2,1,67,264,10,8,3,5,20.186,3646371.337,336.111,62801888.27,3904.539,6.066,0.034,0,0,73.946,4.439,65775.858,52217.285,1788.873,13907.667,273135.667,1251968638,8535038933,1018747313,1017939987,54.667,379181.333,379304.333,1.44913E+11,2120934,2121091,1.50684E+11,3387123370,46857569353,18885971862,98936549.33,115493742,314752803.7,193.667,310,1851.667,18219335210,29738163969,121.439
11200000,2,3,58,0.72,0.5,1,0,0,1,114,1,0,87,0,3,93,40,4,7,748,77,123,15,2,26,193,10,9,1,8,87.343,5341929.799,679.253,67838553.93,3932.545,51.536,0.054,0,0,47.86,15.736,113763.241,41197.802,1788.873,13099,177721,1209241513,7998858070,1000531316,1005432019,55,365013,365141.667,1.46919E+11,1882197.667,1882356.667,1.59508E+11,3431403862,48969265063,19538357229,114406495,126167266.7,347383194.7,153,56.667,932.667,18932887054,31256890572,128.392
11200000,6,3,90,0.5,0.84,0,1,0,1,53,0,0,120,1,2,107,68,3,10,249,118,361,43,2,72,473,9,5,2,4,57.908,3689252.222,1006.522,78366096.83,3933.866,131.98,0.055,0,0,73.531,10.481,69788.405,55484.608,1788.873,11866.333,165306,1254037287,7709985312,1000974113,1005784047,53.667,361626.667,361746.667,1.49868E+11,1850376.667,1850535.667,1.64935E+11,3222471156,49704135906,19715088462,118899260.7,121236380.3,334582852.3,6.333,0,1183.333,18774109844,32277616739,120.216
11200000,1,2,37,0.42,0.43,0,1,2,0,28,1,0,3,1,3,83,41,5,9,116,4,592,38,2,41,157,12,4,3,7,41.483,5481979.165,340.813,59305611.92,3931.987,7.51,0.037,0,0,64.621,0.983,79722.632,38269.764,1788.873,11929,168107,1088380594,7514181628,962246797.3,962682833.3,56.667,301431.333,301554,1.41422E+11,1857588.333,1857749.667,1.51852E+11,3271929017,46335641102,18461801369,96396593,104015772.7,312494580,9.333,3,940,17898775893,30215413075,133.455
11200000,5,4,99,0.52,0.42,0,0,2,0,55,0,0,52,1,5,109,180,7,10,302,91,371,28,2,30,214,4,3,5,2,47.855,3501007.94,793.365,73379164.98,3931.674,56.545,0.037,0,0,74.017,12.519,65565.738,52426.898,1788.873,12037.333,170361,1207993925,7507133919,997406596,998272287.3,51.333,335888,336011.333,1.4605E+11,1863492.333,1863656.333,1.57555E+11,3135937881,47029896010,18909959769,111710355.3,112459775.3,353129851.7,120.333,72.333,803,18727411366,30408617036,116.93
11200000,1,3,78,0.47,0.72,0,1,0,1,53,0,0,85,1,6,72,191,9,4,723,6,886,12,1,63,275,3,7,6,6,12.671,3533707.195,236.903,58215971.31,3899.608,2.27,0.036,0,0,56.324,7.814,82699.353,42573.004,1788.873,8964,184755.333,1154260448,7694576389,1004441062,1010124956,83,400909.333,401065.667,1.38056E+11,1900917.333,1901077,1.47762E+11,3207689104,45922423420,18976956480,94993245.67,105666659,313606191.7,220,177.667,1142.333,17845587077,30276096347,143.994
11200000,8,1,57,0.81,0.56,1,0,1,0,60,1,1,36,0,3,37,92,8,6,205,59,438,4,0,47,425,12,2,3,7,27.592,3253541.911,1150.729,70061490.85,3917.976,47.741,0.036,0,0,74.951,28.067,83652.276,71308.768,1788.873,14594.667,216415,1258235394,8177233495,1040404723,1032004647,49,302691,302822,1.46031E+11,1978731.333,1978886,1.49189E+11,3362071570,46186651106,19125232938,99805623,112154739.7,322013148.7,3,3.333,1697.667,18327133006,30422380121,117.366
11200000,2,2,115,0.61,0.52,1,0,2,0,6,1,1,4,1,6,61,65,8,3,705,15,489,33,2,60,378,13,7,4,3,20.665,3433270.76,326.19,64238483.1,3927.972,26.929,0.028,0,0,55.788,11.974,78548.924,39444.858,1788.873,10165,171476.333,1075676655,7667505802,979861778,979797102,52,298136.667,298266.667,1.41132E+11,1868928,1869088.667,1.565E+11,3172181426,47422590400,18961036133,99123055.33,98943969.33,326467395,3,9,786.333,18415487674,30074697444,113.892
11200000,3,1,124,0.41,0.78,1,1,1,1,112,0,1,57,0,2,43,39,5,4,412,67,263,41,1,27,177,4,4,1,7,101.258,4712057.563,915.865,68215148,3911.038,13.397,0.041,0,0,67.618,11.705,98816.058,56101.977,1788.376,12253.667,169281.333,1066680543,7298664813,978240806.3,973167507,64.333,337655,337776.333,1.36348E+11,1860727.333,1860885,1.46919E+11,3175538284,45251001827,18129208635,93341352.67,107765441.7,333609711.3,65.333,35.333,1823.667,17730742342,28650177777,134.587
11200000,2,5,69,0.53,0.87,1,1,0,1,67,0,0,90,1,5,101,200,10,4,470,105,735,40,2,48,181,5,2,8,8,20.759,3633944.601,334.894,64959071.16,3926.833,15.505,0.034,0,0,73.62,3.543,70653.892,54619.015,1788.873,10629.333,169460.333,1128735793,7641788496,965450652,957115712,50.667,313794.333,313923.333,1.47464E+11,1866099,1866265.667,1.58591E+11,3327202736,48149339988,18581898388,94868501,101484559,327410955.7,12.333,49,1072.667,18365150082,31015569964,120.816
11200000,7,6,84,0.83,0.86,1,1,0,1,74,0,1,26,1,1,25,84,9,7,786,8,770,3,1,86,364,3,6,2,4,70.794,3656466.275,1094.503,70333044.14,3931.903,46.652,0.027,0,0,63.805,54.416,79220.591,46569.282,1794.882,13660.667,239338,1240244594,8647596412,1074448944,1075769636,62,373698.667,373837.667,1.51071E+11,2037727.667,2037884.333,1.60381E+11,3902307592,50238176689,20093895512,100890197,106980127,335922499,13,19.333,1875,18948390363,32526457996,122.56
11200000,4,5,105,0.44,0.67,0,0,1,0,96,1,0,78,1,2,26,124,8,9,777,123,666,26,2,66,183,11,4,7,3,190.708,5721207.419,1268.904,87934041.06,3941.44,78.853,0.063,0,0,68.562,6.671,72568.133,46346.855,1788.873,17311,174648,1317916652,7916738382,1043535779,1034953502,58.333,366883.333,367010,1.74259E+11,1877215,1877382.667,1.73173E+11,3733163500,52256792269,19836099674,135175852.7,140189710.3,363745674.3,44.667,99,1839,19392599214,33917200738,129.559
11200000,6,1,21,0.89,0.39,0,0,1,1,24,0,0,40,1,1,31,161,3,8,243,29,445,6,1,53,334,10,9,5,5,60.476,3598614.062,999.207,77060779.05,3933.673,72.268,0.054,0,0,73.524,16.505,66226.816,52689.279,1788.873,14893.667,196309.333,1185247282,7829380315,1015325909,1014306627,58.667,328819.667,328944,1.52946E+11,1929678,1929837.667,1.53345E+11,3354964491,46946058769,18561169839,104187255.3,114577082.7,354238235.3,2.667,6,792.667,18447962930,29782801516,118.76
16800000,3,1,32,0.75,0.5,0,1,2,0,48,1,0,4,1,1,32,2,3,4,200,64,10,1,1,99,200,3,2,3,8,147.659,5300754.006,1275.166,86746507.5,3918.686,9.357,0.039,0,0,60.394,21.099,105798.768,47819.869,2384.237,22938.333,501619.333,1373508023,10008953152,1167906633,1164138492,150.667,370996.333,371237.667,1.51635E+11,2661509,2661668,1.50804E+11,3722430751,50100129067,20908441608,115835180.7,115444171.7,364987566,1247.667,547.667,4107.333,19205719283,32569067585,166.197
16800000,1,1,8,0.3,0.3,0,0,0,0,2,0,0,2,0,1,2,2,2,3,100,2,10,1,0,19,100,1,1,1,1,506.199,18103168.59,1651.702,103793760.2,3986.237,10.574,0.131,0,0,10.191,142.229,216469.683,15856.527,2681.919,33187,620127.667,1574836831,11762588304,1208782084,1199333907,461.667,359663.667,360264.333,1.87132E+11,2842176,2842333,1.78177E+11,4138704327,53437337119,21261273811,141333803.3,140780541,402860282.3,1669,448.667,2163.333,22124916314,33419018192,201.209
16800000,4,4,68,0.6,0.6,1,1,1,1,65,1,1,65,1,4,65,101,6,6,550,65,517,26,2,59,300,8,5,4,5,31.304,3605323.299,937.22,99668886.63,3932.455,86.26,0.05,0,0,73.967,8.258,95446.286,77879.296,2679.687,12570.333,177636,1282958065,8113026450,1034400926,1037878440,86,347691,347845,1.5663E+11,1911568.667,1911728.333,1.71039E+11,3617025106,52347473055,20280481896,126246133,121995684.3,330242238.7,3,0,1355.667,18968636399,34367144978,153.835
16800000,7,1,48,0.87,0.7,1,0,1,0,104,1,0,34,0,2,100,198,2,5,324,41,905,32,1,96,471,12,5,6,4,67.463,3574416.992,1670.855,96977766.46,3918.941,34.992,0.028,0,0,73.799,36.396,128701.297,103624.913,2681.919,10866.333,169701,1130893358,7444851889,978748169.3,983517412,82.667,323421.333,323569.667,1.42174E+11,1887513.333,1887674.333,1.46662E+11,3299424974,45383715713,18595602351,89342137.33,114886530.3,330698792.3,426.333,86.667,1528,18101099105,29966070000,152.101
16800000,3,2,99,0.56,0.39,0,1,1,0,119,0,0,16,0,3,57,55,10,8,209,66,141,3,1,79,203,5,2,8,5,155.039,5672387.181,1579.325,97271294.6,3908.795,8.13,0.04,0,0,66.582,36.599,153037.852,79288.358,2681.919,16264.667,353220.333,1249181857,9155137442,1080193408,1078312436,345.333,371765.667,372195.333,1.53936E+11,2179798.333,2179961.667,1.58589E+11,3628118795,49942232612,19776491182,109796428.7,123680103.7,349889331.3,187,136.667,2047.333,19365811217,31144113328,189.28
16800000,5,4,71,0.56,0.85,1,0,1,0,116,1,0,53,1,5,35,19,6,4,855,71,302,18,3,55,376,9,2,2,7,135.689,4202049.962,1248.728,111651727,3838.182,20.252,0.034,0,0,114.397,9.873,51177.106,117047.795,2600.843,18311.333,325857.333,1201944231,11741822605,1125843601,1127425185,20455.333,347478.333,368024.333,2.473E+11,24888568.67,24888718.67,2.35337E+11,8023560146,73229605332,31111436992,101388849.7,120016286.3,411500374,580,276.667,1792.333,29914656939,47286597807,369.097
16800000,5,2,68,0.66,0.42,1,1,2,1,70,0,0,54,1,2,83,74,9,10,781,74,858,30,2,55,237,3,9,6,1,49.149,3752339.686,1319.852,99777146.62,3934.802,146.408,0.045,0,0,74.039,30.29,98349.903,73081.641,2681.919,11525.333,179434.333,1200262563,8059899311,1028565353,1024502301,83,317678.333,317850,1.51462E+11,1916398.667,1916562.333,1.61532E+11,3541783843,49977446539,19369811413,116316507.7,109466398,343359551.3,123.333,12.667,1078.667,19172830597,30577408797,162.083
16800000,6,6,78,0.34,0.73,1,0,1,0,32,1,0,84,1,5,81,167,5,9,191,118,98,41,0,40,490,5,2,5,4,58.086,3600943.831,1493.672,89461754.81,3939.762,35.566,0.033,0,0,84.818,39.303,85732.267,87736.57,2681.919,8157,166839.667,1048786395,7609489627,1005674274,999734156,80.333,327504.333,327640.333,1.33763E+11,1878648.333,1878802.333,1.47902E+11,3055072572,46169627542,18869126826,87290987,107216429,325951710.7,24.333,21.667,2162.667,17739298225,29405117341,152.951
16800000,1,3,94,0.7,0.31,1,1,2,1,85,1,0,58,0,3,8,169,10,5,984,73,594,45,2,30,333,4,6,4,5,43.143,5541584.35,509.184,87965388.82,3915.402,12.941,0.04,0,0,52.044,9.203,172126.982,60199.228,2681.919,11688.667,172370.333,1200212813,7884142519,1004648823,1008793105,66,343783.333,343915,1.45919E+11,1894497,1894657.667,1.61938E+11,3274426345,49482799403,19374789041,113464810.7,112783833.7,337358229.3,277.333,250.667,1636,18553971687,32006242084,170.6
16800000,3,1,65,0.38,0.64,0,1,0,0,95,0,0,13,1,2,106,23,8,4,580,57,763,19,2,46,435,9,2,3,6,174.624,5975349.934,1445.648,101383322.7,3937.812,40.339,0.052,0,0,68.915,12.692,114968.022,65887.626,2681.919,11762.333,181869,1091720494,7828972340,990507073.7,986979352.3,70.667,300179,300316.333,1.42385E+11,1916656.333,1916816.667,1.56422E+11,3288751559,47231957078,18761235056,97933412.67,93638896.33,302644233.7,62,99.667,1242,18169278668,29801660534,167.952
16800000,2,4,65,0.73,0.69,1,1,2,1,111,1,1,10,1,4,34,29,8,3,284,11,197,49,1,90,258,5,7,1,3,20.468,3617107.165,522.486,87415404.02,3906.001,8.505,0.029,0,0,72.742,7.339,98527.387,72903.719,2681.919,8667.667,168908.667,1053913681,7534907411,999303736.7,997780808.3,85,390707.333,390860.667,1.3467E+11,1881441,1881594.667,1.50777E+11,3070543075,46118542129,18758522302,88741974.67,99070843.33,311449272,236.333,166.667,3736.333,18186988972,29381055608,163.011
16800000,8,2,40,0.43,0.9,0,1,2,1,36,0,0,121,1,4,102,126,7,5,760,36,652,6,0,66,399,10,3,5,5,77.258,3826910.064,1855.165,106559826.3,3930.515,77.123,0.041,0,0,74.543,30.244,95511.293,75921.033,2681.919,13330.667,205555.333,1256087245,7828522749,991684061.3,1009280773,77,329110.333,329253,1.44502E+11,1972662.333,1972817,1.51745E+11,3263147531,45995877389,19286641005,115142976,108552898.3,325494627,31.667,50.667,1291.667,18652831560,29716100255,146.797
16800000,8,5,23,0.83,0.8,0,1,0,1,107,0,1,70,0,6,50,116,10,6,174,82,891,18,1,27,139,4,4,7,8,79.505,3761776.59,1720.098,86229642.69,3915.996,12.84,0.022,0,0,106.045,103.917,111727.532,120699.715,2682.638,9282,181024.333,1084901432,7904111459,1003663711,1013650194,89.667,352480.333,352633,1.41074E+11,1914503,1914664.667,1.54414E+11,3366853265,47603457669,19231652291,84935547,108838115,322102071.3,326,133.333,2024.333,18609359014,30748844863,155.688
16800000,3,4,87,0.53,0.72,1,1,2,1,30,1,1,90,1,4,25,161,9,10,405,78,661,13,1,93,479,11,8,7,6,16.832,3254189.649,725.55,90949080.58,3909.744,8.55,0.029,0,0,74.267,9.104,94796.535,76634.816,2681.919,10405,185021,1152684102,7756677955,1002710259,1014193298,80.333,381563.667,381704,1.41549E+11,1923522.333,1923684.333,1.50517E+11,3230875981,46709461014,19064455638,98296596.67,120829447.7,330127009.7,758.333,985.667,2397,18201176695,29763296092,151.75
16800000,7,6,57,0.6,0.35,0,1,1,0,82,1,0,86,0,6,67,39,3,10,712,32,629,24,1,85,188,10,2,3,5,67.604,3494749.267,1758.421,98968206.73,3904.109,16.719,0.038,0,0,74.103,37.385,129112.892,103213.318,2681.919,10063,172331,1119233158,7616741310,1011111825,1016050987,87,407834.333,407992.667,1.38437E+11,1890053,1890210,1.51058E+11,3197172427,45541779364,18597004030,91604576,108360534.7,316233116.3,883,489.333,3061.333,18212759485,29676393342,155.925
16800000,6,3,54,0.47,0.55,0,1,2,0,4,1,1,111,1,3,127,85,9,6,718,102,736,37,2,19,407,8,1,3,9,59.407,3631444.88,1483.693,99132431.62,3932.027,53.707,0.034,0,0,74.403,52.188,96490.91,75304.349,2686.409,9674,173922.333,1158422889,7990891301,1029043325,1025184993,77.333,359935.667,360077.667,1.46047E+11,1897184,1897342.333,1.6746E+11,3522617131,50481823755,19377601892,94031942.33,116479990,328810413.7,532,246.667,2248.667,18808607540,32264036724,159.62
16800000,8,6,91,0.31,0.61,0,0,0,0,54,0,0,118,1,2,122,43,9,9,656,99,779,25,0,93,102,10,7,6,9,75.025,3696653.689,2029.1,113213999.2,3933.558,117.519,0.051,0,0,73.383,32.227,101137.914,79718.017,2681.919,11431,171847.333,1184893372,7822724757,1010220697,1010638796,82.333,312455.333,312603.333,1.42092E+11,1889494,1889648.333,1.52282E+11,3314973592,46625927046,18869834692,99645507.67,115720647,320263425.7,22.667,3,1003.333,18532208229,29902396122,157.969
16800000,4,3,105,0.46,0.37,0,1,2,1,57,0,1,94,0,4,22,62,2,6,644,18,746,22,2,88,321,14,6,5,3,39.785,3651738.147,991.097,90990045.62,3926.682,57.747,0.024,0,0,74.799,46.447,132294.769,100263.791,2684.16,9831.667,182322,1144281637,8116581816,1010845637,1017960000,70.667,370236.333,370387.667,1.48113E+11,1921766.333,1921928.667,1.68013E+11,3456824787,51202385887,19737102091,110706833.7,111869901.7,340125952.3,297,72,756.333,19251792182,32245294729,156.957
16800000,6,5,38,0.76,0.45,0,1,1,1,74,0,0,114,1,5,47,49,5,7,111,39,384,29,2,82,286,5,3,1,6,57.38,3641694.546,1465.393,94343359.03,3946.533,126.94,0.042,0,0,74.457,21.991,96219.346,77249.429,2681.919,10877.333,171473,1330126847,8146952257,1049190724,1056053708,89,390627,390802,1.53341E+11,1891329,1891486.333,1.7598E+11,3476622408,53090608332,20376649465,118366979.3,116517323,335364222.3,448.333,162.333,1799,19339354120,35002792676,154.285
16800000,3,3,37,0.86,0.65,0,0,0,0,128,1,1,21,1,6,57,97,9,7,364,96,517,46,1,47,161,7,3,6,4,29.432,3414041.186,743.466,94804774.33,3904.535,10.226,0.04,0,0,68.819,16.548,105319.368,75535.795,2681.919,9430.333,168908,1102373025,7434315586,986186771.3,979068153,79.333,347355.667,347502.333,1.3651E+11,1884214,1884373.667,1.46212E+11,3060392428,44476120688,18333719809,85572058.33,100043396.3,319299482.7,125.333,159,2049.667,17928035428,28810098057,152.299
16800000,6,4,29,0.62,0.55,1,0,1,1,99,1,1,3,0,5,74,140,8,8,140,34,428,36,1,86,294,2,4,2,7,21.658,3066078.672,1448.512,87380397.49,3916.973,8.132,0.025,0,0,74.902,30.611,126156.811,106169.399,2681.919,10018.333,170817.333,1053741624,7819830830,1012067170,1007164777,96.333,407247.667,407446,1.39029E+11,1888057.667,1888214,1.54836E+11,3159052920,45882873245,18447882355,87272133,98215197.33,319577901.7,2062.333,1478.333,8349,18489410146,29229965534,156.151
16800000,5,3,35,0.79,0.36,0,1,1,1,29,1,1,109,0,3,115,125,9,5,191,103,998,31,1,63,124,2,7,7,3,49.379,3560549.713,1253.745,86262462.93,3922.962,12.376,0.026,0,0,87.511,61.191,124593.129,107733.081,2681.919,8694.667,175519.333,1042882376,7941150700,1009762466,1014275045,94.667,402831.667,402994.333,1.43047E+11,1903611.667,1903772.333,1.57378E+11,3386275087,47485561731,18927493223,92797344,102192899.7,318431438,820,301.667,1531.333,18942858914,30462676269,162.944
16800000,4,5,84,0.32,0.49,1,1,1,0,77,0,0,89,1,4,43,74,2,9,751,6,802,32,1,52,109,4,8,5,7,38.175,3422579.975,1020.381,100053930.1,3919.086,24.673,0.026,0,0,73.924,12.119,96112.995,77354.718,2681.919,10261.667,170558.667,1109996490,7856601711,1027619540,1026980476,84.333,373475.667,373627.333,1.46445E+11,1888947.667,1889106.667,1.55263E+11,3283028458,47629315831,19127588392,97556734.67,119069456,334622875.3,148.333,105.333,1968.333,18379701690,30114289528,158.396
16800000,4,6,123,0.81,0.77,1,0,0,0,118,0,1,13,0,1,73,193,8,8,617,90,48,35,0,99,485,10,6,4,4,51.288,4138042.293,1639.334,99833161.05,3932.051,76.972,0.053,0,0,56.864,20.162,155429.777,76896.433,2681.919,14365,172899.667,1181004378,7840652903,1012519596,1015769923,71.667,291852,291988.333,1.47404E+11,1895366.667,1895523,1.53753E+11,3322802118,47131063542,18923062490,104352047,104457787,314928377,94.333,3,979.333,18319935741,30175547598,153.461
16800000,3,5,76,0.88,0.79,1,0,1,0,78,0,0,49,1,4,54,150,7,9,221,100,509,5,1,50,181,2,6,4,6,30.366,3390504.489,791.213,92088753.21,3912.595,15.527,0.03,0,0,72.921,19.394,98412.154,75056.644,2681.919,10893,220998,1062459011,8271221067,1014323455,1027268928,85.333,340339,340504,1.45738E+11,2014864.333,2015022,1.58837E+11,3500744931,48250229932,18672743382,103061948.3,109394675,318761797,39,9.667,1752,18497074397,29322522184,157.154
16800000,2,1,120,0.74,0.59,0,1,1,0,17,1,0,104,0,4,104,53,8,4,989,123,346,40,3,77,123,12,5,3,2,21.188,3862717.781,537.714,91170949.29,3903.851,6.725,0.033,0,0,61.011,24.266,148031.922,84294.288,2681.919,8239.667,179904,1175975239,8055563293,1052636116,1052922824,84.667,442409,442566,1.41004E+11,1906403.667,1906562,1.58621E+11,3152198642,48863449886,20100600083,96824235.33,101201430.3,339971327.3,61.333,42.333,4678,19328514758,31211345441,160.236
16800000,1,2,104,0.64,0.45,1,1,1,1,61,1,1,26,0,4,20,33,6,9,591,88,214,16,0,49,249,11,7,3,3,11.799,3765104.93,330.405,77126492.79,3912.685,21.198,0.03,0,0,55.919,15.445,155805.572,76520.638,2681.919,8601.333,187931.667,1186762401,7761834905,1014510107,1015201025,104,291563,291737.333,1.34547E+11,1931870.667,1932023.333,1.49508E+11,3231133538,45971062083,18740879425,95450676.67,90636217.67,323449792.7,154,100.333,741.667,17892427994,29796965331,183.434
16800000,4,5,59,0.64,0.5,1,1,2,1,50,0,1,66,1,3,10,9,6,4,354,105,411,21,3,34,264,3,7,6,2,238.366,6157971.058,1712.247,107189748.8,3920.295,10.682,0.046,0,0,55.901,58.519,128763.659,42668.268,2681.919,11530.667,196059.333,1215013825,8496413669,1126786750,1121275828,164,357448,357694.667,1.50561E+11,2022723,2022887,1.69624E+11,3344690833,51119281141,20607134885,107623853,114915807.3,348967306.7,103,114.333,1471.333,20343374070,32332980968,164.542
16800000,5,2,114,0.49,0.4,0,1,0,0,22,1,1,50,1,6,45,105,8,4,609,76,162,13,3,29,180,13,7,2,6,51.183,3649280.754,1172.295,100328341.3,3909.678,22.379,0.031,0,0,74.425,46.736,102889.843,77915.501,2681.175,10562.667,187779.333,1187784296,8550474569,1085251616,1107201574,91.667,436266.333,436440.667,1.49776E+11,1951882.667,1952041.333,1.67238E+11,3398088220,52603590266,20963793182,102637553.7,116799971.7,340499444.3,2857,1138.667,4979,20106592259,32511643837,151.959
16800000,5,5,77,0.58,0.89,1,1,0,1,7,1,1,117,1,2,23,108,4,5,546,38,373,11,2,22,270,14,6,6,5,48.779,3687707.576,1200.288,97009652.29,3933.887,74.825,0.033,0,0,77.202,49.371,105396.89,75840.859,2686.474,12025,196602.333,1331354453,8361551434,1044054490,1043841346,83,357654.667,357809.667,1.57717E+11,1959544.333,1959708.667,1.83844E+11,3735098810,55515584141,20223534145,135517228.7,135365163.7,348982203,354.667,152.333,1331.667,19247904528,35332159917,155.367
22400000,3,1,32,0.75,0.5,0,1,2,0,48,1,0,4,1,1,32,2,3,4,200,64,10,1,1,99,200,3,2,3,8,163.852,5766499.366,1924.186,123913413,3919.257,11.819,0.038,0,0,60.456,43.392,160540.438,63747.859,3576.153,21879.333,564888,1468698577,11011390803,1143208031,1159035239,127,373713,373932.667,1.70054E+11,2855083.333,2855241.667,1.72489E+11,3849809500,51714611883,20609334867,116326883,116347449.7,363632198.7,231,69,2460.333,21369073745,32436908853,201.876
22400000,1,1,8,0.3,0.3,0,0,0,0,2,0,0,2,0,1,2,2,2,3,100,2,10,1,0,19,100,1,1,1,1,458.85,18083230.16,2177.435,131861724.4,3986.006,12.782,0.066,0,0,10.207,105.533,289547.179,20216.068,3576.153,33794.333,637995.667,1590512073,11223283755,1214808676,1215557848,323.667,354399.333,354830.667,1.82328E+11,2996664,2996821,1.74522E+11,4117860066,52566657589,21291105697,147427061,148781925,398214022.7,214,61,2017.667,21499079499,33762372542,225.85
22400000,4,4,68,0.6,0.6,1,1,1,1,65,1,1,65,1,4,65,101,6,6,550,65,517,26,2,59,300,8,5,4,5,39.171,3683131.754,1277.526,125746687.1,3932.643,100.806,0.041,0,0,72.138,21.654,132363.032,94652.071,3576.153,11459,182760,1249721797,7902030490,1007757304,996369066,102.333,349773.333,349948.333,1.5034E+11,1930047.667,1930206.667,1.65133E+11,3321572611,49944527076,18951309971,120652977.7,116508080.3,333354737,260,3,1276.333,18821699394,31265422217,190.48
22400000,5,4,26,0.59,0.49,1,1,1,1,83,0,1,7,1,4,95,96,8,7,616,10,822,27,1,32,144,14,3,5,4,31.626,3522916.908,1803.567,125604538,3913.847,33.402,0.038,0,0,72.344,24.213,127911.737,99104.4,3576.153,11109.333,181532,1192761830,7710487515,1034106797,1053957956,157.333,336538,336775.333,1.41499E+11,1924444.333,1924602,1.4885E+11,3151738083,45866518578,18890940566,95529672.33,100219836.3,313124419.3,213.333,175.333,1501.667,18029604788,29955772814,210.378
22400000,1,2,68,0.49,0.78,1,0,0,0,67,0,0,12,0,2,83,148,5,9,532,5,640,34,3,33,443,13,9,7,7,102.087,7895814.173,1014.333,126840036.5,3923.514,7.697,0.046,0,0,35.443,25.726,250609.556,59153.691,3576.153,14199.333,210195.667,1256446902,8439876524,1090118483,1090905682,245,381536.333,381851.667,1.5264E+11,1967828.333,1967993.667,1.67116E+11,3337087462,50937538164,20504335854,106853368.3,118274904,360363988.3,1245,707.333,3998,20441327290,31971830518,217.595
22400000,5,3,116,0.9,0.46,0,0,2,0,31,0,0,114,0,4,116,182,6,6,638,99,552,12,3,56,358,7,9,2,5,48.956,3685997.869,1683.411,129226049.7,3909.416,31.842,0.029,0,0,102.285,33.764,127727.183,182036.063,3576.153,9196,195662.667,1186151490,8690317850,1094192216,1106677728,127,564412.667,564612,1.47411E+11,1977304.333,1977460.333,1.6782E+11,3354538716,52004871706,20801307845,103021127,123993462.3,337737574.7,351.667,348.333,9954.333,20273859259,32643513439,197.176
22400000,6,4,114,0.44,0.67,1,0,1,1,127,1,0,41,1,3,78,46,4,4,611,94,385,2,1,78,496,4,2,2,4,60.24,3598745.714,2006.564,126923141.5,3915.617,39.03,0.035,0,0,77.564,64.781,123871.117,103144.084,3576.153,14386.333,343147.333,1354228031,9125272368,1097495922,1109874610,132.667,406712.667,406937.333,1.48031E+11,2329612.667,2329767.333,1.53455E+11,3529908555,48956850817,19745267416,109011675.7,113424349.3,356466700,758.333,675,3814,19176433857,31671054712,187.35
22400000,4,2,63,0.4,0.77,1,1,0,0,90,1,0,56,0,5,8,46,6,6,688,49,296,19,2,91,134,12,8,4,5,39.154,3652076.074,1287.202,116999203.8,3931.187,73.873,0.032,0,0,78.201,33.023,166635.262,143127.984,3576.153,10252,185504.667,1201519043,7948076418,1014098631,1026885371,88.333,338546.667,338716.333,1.45224E+11,1935528.333,1935686.333,1.62649E+11,3352361317,48988529201,19135525364,104793204.7,106900831.7,316185895,79.333,0,765,18962147723,31096735360,184.015
22400000,2,3,39,0.75,0.59,1,0,2,0,44,0,1,4,1,2,73,64,9,3,212,43,94,43,1,74,437,9,2,6,3,246.444,8044631.469,1712.522,122678911.1,3918.614,8.004,0.052,0,0,46.01,24.425,176044.662,48183.51,3575.161,10906.667,179087.667,1081680111,8071013054,1022413270,1034193140,112,388522.333,388719.667,1.4763E+11,1919823,1919983.667,1.59355E+11,3599553141,49423566906,19455668451,98448968.67,106147485,328665865,153.333,88.333,1770.667,18956840189,31050103630,207.859
22400000,8,1,24,0.6,0.6,0,1,1,0,11,1,1,31,1,4,110,91,6,4,410,79,79,21,2,23,464,10,6,5,2,65.269,4151691.766,2528.973,157272581.2,3935.222,400.275,0.086,0,0,72.522,22.715,128844.067,98171.314,3576.153,14677.667,188220,1194694850,8022470110,1054442402,1049971765,113.667,301139,301317.333,1.57463E+11,1940866.667,1941028.667,1.68363E+11,3380057035,51123008152,19594269866,119057612.3,114182157.7,342265227,3,6.333,787.333,18883022959,33810845687,194.835
22400000,2,2,54,0.5,0.72,0,1,1,0,42,1,0,54,1,3,92,102,5,5,433,95,628,2,2,94,197,3,5,5,1,96.337,5894662.879,1361.975,130675005.1,3938.067,81.146,0.036,0,0,67.111,18.028,159130.966,67885.133,3576.153,19803.333,377539,1583623041,9602235585,1124042200,1137014918,109.333,340507.333,340706,1.54805E+11,2417659.667,2417823,1.58796E+11,3625764478,49377711791,21350378532,133422471.7,123892311.3,351617717.7,288.333,71.333,863.333,19097676256,33706748864,213.822
22400000,5,5,78,0.34,0.32,0,0,0,1,80,0,1,51,1,2,60,158,3,6,847,126,29,9,1,40,381,10,4,7,2,43.67,3361405.363,1658.217,120549343.3,3920.898,32.144,0.032,0,0,69.454,57.692,142161.954,93867.193,3579.127,11867.667,208735,1202312225,8146298879,1049844283,1047507629,119.667,370897.333,371090.333,1.49222E+11,1991515.667,1991675.667,1.52539E+11,3441578252,47670703361,19452688509,103710437.7,107858481,334655023,486.333,420,2730.667,18753024062,31310164390,194.173
22400000,7,1,85,0.31,0.31,1,0,0,0,24,0,1,60,0,2,114,24,8,9,154,57,525,18,2,62,273,15,8,1,6,60.199,3726060.731,2005.879,117752084,3946.319,246.792,0.04,0,0,86.878,106.508,168963.491,140799.756,3576.153,9675,186247.667,1130640726,7965279863,1023255838,1029654217,108.333,332707.667,332897,1.41011E+11,1935848.333,1936004,1.58779E+11,3388490885,49693920601,19869533757,110215655.3,109065651.7,319873722.3,111.667,78.667,806,18578009671,32399348092,180.751
22400000,5,5,123,0.37,0.64,1,1,1,0,114,1,0,68,0,4,46,52,7,5,382,63,966,4,2,58,457,3,4,2,2,47.472,3487835.696,1623.712,122898570.7,3932.808,112.426,0.044,0,0,73.154,34.552,174445.997,135317.25,3576.153,14410.667,253693,1317989790,8716246799,1074114754,1075553125,106,347504.667,347681.333,1.5798E+11,2105209.667,2105366.667,1.72936E+11,3673235088,51077351068,19538917376,115708978.7,134086019.3,345879621.7,45.667,7.667,1155.667,19644742655,33103447980,185.824
22400000,8,5,99,0.71,0.74,0,1,1,1,4,1,0,82,0,5,29,173,5,5,687,76,132,17,2,81,283,11,7,3,3,77.529,3645125.05,2666.03,141142859.7,3933.628,189.144,0.042,0,0,73.63,50.286,172382.882,137380.364,3576.153,12115.667,186785.667,1198708346,7864196336,1009981386,1024578126,110.667,353471.667,353658,1.46621E+11,1936959.333,1937117.333,1.62043E+11,3270901914,49804814625,19579323087,118999804,121677397.7,354016691,3.333,13.333,1510.667,19083827061,31604877453,191.211
22400000,6,4,35,0.46,0.83,0,0,1,1,55,0,0,7,1,3,68,123,7,7,319,45,788,9,1,43,399,9,4,3,7,61.346,3453867.749,2087.373,127666600,3919.923,42.434,0.033,0,0,88.47,45.692,103230.141,123786.145,3576.153,10950,203865.333,1150049434,8161481787,1024843475,1024610871,141,361677.333,361897.333,1.4442E+11,1977836,1977991.667,1.54211E+11,3309892543,46331943505,18911186920,98544877.67,99059670.33,321737038,467,182,2397,18838498392,30152294447,192.243
22400000,4,6,22,0.66,0.36,0,1,2,0,37,0,1,48,0,6,42,21,5,7,977,109,844,36,3,20,406,6,5,6,3,40.173,3690291.116,1258.039,120874454,3901.908,10.188,0.026,0,0,108.146,46.132,133311.817,176451.43,3576.153,8544.667,184323.333,1303460337,8668791967,1089766997,1084984549,124.667,340322.667,340524.333,1.50592E+11,2012998.667,2013160,1.68167E+11,3370737528,52302437337,20909138078,108325783.3,111412114.7,343242252,217.667,340,1806.333,20935044785,32582637905,195.027
22400000,7,5,15,0.56,0.46,1,1,1,0,105,1,0,79,0,2,109,30,8,8,928,81,570,45,0,90,256,8,7,7,8,67.78,3634555.104,2304.505,128472948.3,3925.677,117.149,0.03,0,0,90.406,66.418,157957.362,151805.884,3576.153,9354.667,170303,1199763248,7808075625,992781048,991823842,111.667,303915.667,304089.333,1.38112E+11,1893984.667,1894137,1.51266E+11,3123022499,46216566992,18657462937,95678167.67,93956070.33,307340034,159.667,108,1316.667,18268712780,29576754615,192.932
22400000,3,4,107,0.7,0.53,0,1,2,0,64,1,0,24,1,3,76,184,10,6,175,88,678,26,2,57,243,8,4,5,7,140.807,5620690.094,1954.055,122728537,3948.89,34.352,0.041,0,0,64.871,33.249,153750.868,70538.474,3576.153,10890,184640,1148350809,7975979833,1017364358,1016486523,111,304455,304635,1.4234E+11,1936777.667,1936941.667,1.57236E+11,3422124955,48046943992,19286900852,95547945.67,112952879.3,338294563.3,15.333,0,1114,18599851668,31231122903,200.549
22400000,6,3,110,0.48,0.41,0,0,0,1,18,1,1,96,0,1,40,76,4,4,754,4,364,16,3,64,310,1,5,5,5,45.42,3645054.763,1969.782,127222120.7,3915.229,28.496,0.032,0,0,113.102,52.404,129529.474,180233.772,3576.153,9532.667,192875.667,1193743491,8645269356,1083696609,1062223223,117.333,559863.333,560060.667,1.46023E+11,1976721.667,1976881.333,1.64295E+11,3348581228,52246236693,20471188434,99079447.67,118408314,340589677.7,4026,1658.333,12355,19363748586,30950623101,203.957
22400000,7,6,91,0.67,0.86,1,0,0,1,124,0,1,22,0,2,5,15,9,6,865,21,1005,37,2,27,238,5,5,1,5,28.031,3027416.609,2268.14,128206620.1,3930.609,190.052,0.035,0,0,73.583,40.963,170196.786,139480.487,3575.161,11034,176885.333,1189584983,7700250678,1006340619,1010058491,111,327195.333,327372.667,1.40507E+11,1912761.667,1912917.333,1.54669E+11,3241399184,48329870062,19416404857,99839317.67,103174481,322865197.3,55,66,915.667,18561435925,30845230423,195.846
22400000,2,3,49,0.88,0.71,1,1,0,0,28,0,1,112,1,3,88,119,9,5,258,47,169,14,2,35,421,4,2,3,8,137.508,6046492.974,1339.391,121533050.3,3935.381,25.542,0.043,0,0,56.651,32.343,178607.032,57174.856,3576.153,11731.667,201483,1202172588,8072571955,1008301232,1017295260,125.333,344259,344450.333,1.46711E+11,1977567.667,1977727.333,1.64726E+11,3430506173,49947130995,19428870996,111292346.7,129896424,346987508.7,218,129.333,1624.333,19030242471,32023999209,216.233
22400000,6,5,104,0.68,0.61,0,0,1,1,50,0,0,13,0,6,53,198,4,3,707,35,918,15,2,47,486,14,8,4,7,60.007,3701923.079,2022.864,128855595,3931.474,114.878,0.037,0,0,96.736,59.905,143437.553,166325.693,3576.153,10073.333,192012,1123686260,8011110255,1024950688,1027854914,109.333,316556.333,316748,1.42009E+11,1953035,1953193.667,1.59294E+11,3337367193,48665960877,19097717810,102088162.3,108318167.7,325798064.3,6.333,2.667,743.667,18744746858,31520085101,194.694
22400000,3,4,61,0.77,0.56,1,0,2,0,71,1,1,91,0,5,123,60,8,7,158,53,702,41,1,60,335,13,3,5,7,31.772,3677051.938,980.131,106771732.2,3913.542,4.929,0.068,0,0,82.337,65.822,186102.419,124279.415,3582.083,7827.667,176247.333,1001823236,7849213546,990971422.7,1000586148,126.333,380921.667,381106.333,1.35525E+11,1911461.667,1911619.667,1.52261E+11,3156411812,46734974322,18707664688,82810439,114645348.7,327080053.7,711,508,1755.333,18197346777,29730632228,193.862
22400000,5,1,11,0.53,0.34,0,1,0,0,116,1,1,99,1,5,13,111,3,9,326,71,871,27,1,66,483,11,3,1,7,48.598,3586854.873,1613.905,119768750.6,3905.404,22.338,0.025,0,0,91.948,60.241,122192.538,113588.313,3576.153,8618.667,181026,1125676184,7831315516,1008412300,1022250223,137.333,349111.333,349327.333,1.36602E+11,1923955.333,1924109,1.5254E+11,3401469329,47038382603,19130046056,89758408,106056091,308270006,138,62.667,1824,18406072007,30636150788,195.73
22400000,5,3,57,0.82,0.52,0,0,2,0,76,0,0,28,0,6,34,73,3,10,518,67,928,40,1,22,411,4,7,2,3,48.146,3294105.904,1711.319,120157602.5,3910.473,25.855,0.03,0,0,74.122,54.191,174241.012,135522.234,3576.153,9287.667,170607.333,1085155771,7625751222,1004690241,1001576897,106.667,327367.333,327543.333,1.39317E+11,1897199,1897353,1.53401E+11,3188613867,46443357509,18569020568,88390093.67,101019102,312464357.7,96.667,6.333,1326,18302710548,29870502689,189.542
22400000,4,2,65,0.51,0.67,1,1,0,0,7,1,0,123,1,6,38,13,5,4,814,66,606,22,1,89,223,14,6,3,3,40.334,3464311.179,1314.288,121216794.1,3909.692,18.136,0.031,0,0,73.157,22.582,134472.629,101308.647,3576.153,10034.667,178544,1072757350,7788679837,986283818.7,990143192,119.333,460748.667,460925.667,1.39393E+11,1917053,1917209,1.52727E+11,3089440956,46334201545,18679154904,96018839,120021005.7,305678599,127.333,197,1805.333,18024040775,29393960831,186.601
22400000,7,5,55,0.45,0.51,1,1,1,0,48,1,0,38,1,4,12,106,9,7,195,124,719,19,0,54,153,9,7,5,9,66.987,3663043.876,2379.797,125177046.3,3948.396,121.703,0.041,0,0,74.261,37.347,126810.248,100205.85,3576.153,10811.667,181204.667,1144432734,7775717505,1008163249,1008098646,128.667,298584.333,298772.667,1.38164E+11,1924122.667,1924276,1.52271E+11,3135077825,46939754149,19027250717,100364531.7,92508393.67,314881603.3,11.333,0,984.667,18195720606,29669406330,191.046
22400000,2,2,88,0.63,0.84,0,0,0,1,79,0,1,17,1,5,64,193,9,7,415,111,345,24,1,95,253,3,5,3,6,21.074,3543236.101,664.078,109520345.9,3903.741,6.76,0.03,0,0,66.444,16.05,145204.442,90577.279,3576.153,8829.333,180417.333,1130899389,7518900374,976827079.7,984568464.3,128.333,362146.333,362342,1.33214E+11,1921929.667,1922084.667,1.44301E+11,3078657388,44751666094,18720889340,91127756.33,104289435.3,311019078.3,80.667,3,2446,17844441812,28930443604,190.058
22400000,1,5,82,0.79,0.33,0,0,2,0,102,0,0,120,1,3,128,153,6,8,340,85,988,48,0,46,312,12,7,1,8,54.718,5662860.354,728.399,113497068.8,3926.627,25.38,0.031,0,0,47.229,11.686,173097.724,51191.169,3576.153,8991.667,174969.667,1199440223,7772519536,1017018554,1015859910,132,325220.667,325415.333,1.3566E+11,1909868,1910022.667,1.51889E+11,3141762548,45789851385,18910450245,102563918,100687253.7,311488228.7,328,140.333,1264,18496410063,29430075682,221.5
